Product name,Product price,Product rating,Product review/s,Product sold,Product category,Product picture,Product specification,Product Link,Store Name,Store Location,Store rating,Store Response duration,Store Followers,Store Link
Celana Panjang Chino Smith Berlin Begin Charlie Slim Fit Stretch Black - 29,159000,4.7,40,627,Celana Chino Pria,https://images.tokopedia.net/img/cache/500-square/VqbcmM/2021/2/10/31fa9bff-a70a-4847-b913-613b6afc1936.jpg.webp?ect=4g,"THE BEGINNING COLLECTION                                                                                                                                                                                                                                                                                        _______________                                                           Detail ProdukTipe: Celana Panjang ChinoBahan: 100% Cotton Twill Stretch Warna: BlackCutting: Slim FitDetail: 2 kantong belakang dan 2 kantong depanFeature: - Tingkat ketebalan sedang- Strech sehingga menyesuaikan bentuk badan- Nyaman digunakan Detail ModelTinggi: 179 cmBerat badan: 74 KgLingkar pinggang: 84 cmLingkar pinggul: 95 cmMenggunakan size 32Size Chart: Waist X Hip X Leg Opening 29:76 X 88 X 16.5  30: 79 X 90 X 17  31: 81 X 93 X 17.5  32: 84 X 95 X 18  34: 89 X 100 X 19  36: 94 X 105.5 X 20  38: 99 X 110.5 X 21 All In Seam 77.5Satuan dalam CMWarna yang terlihat pada gambar mungkin tidak 100% sama dengan produk yang sebenarnya, bisa disebabkan karena proses pencahayaan pada pengambilan gambar atau kualitas layar gadget yang digunakan untuk melihat gambar.Mohon pertimbangkan toleransi ketidaksesuaian ukuran produk yang diterima dengan size chart yang ditampilkan, apabila terjadi ketidaksesuaian terlalu jauh dan tidak dapat diterima, silahkan ajukan penukaran barang .",https://www.tokopedia.com/smithberlin/celana-panjang-chino-smith-berlin-begin-charlie-slim-fit-stretch-black-29?whid=110066,Smith Berlin,Jakarta Selatan,4.8,19 menit,20.4K,https://tokopedia.com/smithberlin
"Celana pria pendek jumbo fit xxl / kolor pria jumbo / celana olahraga - Hijau, m-L",19000,4.8,2.,"11,4rb",Celana Pendek Pria,https://images.tokopedia.net/img/cache/500-square/VqbcmM/2021/4/19/49b05a61-7273-4102-88e4-dbfd907eec50.jpg.webp?ect=4g,"celana pendek pria‚àö Bahan Babyterry‚àö Terdapat 2 saku dibagian kiri dan kanan‚àö Pake tali pinggangall size fit to m-LLingkar pinggang 60-100cmLingkar paha : 55cmPanjang : 40cmUkuran all size fit to xl-XXLlingkar pinggang : 70 - 120cmPanjang : 50 cmallsize fit xxxl‚Ä¢ Panjang -/+ 60 cm‚Ä¢ Lingkar pinggang 150 cmwarna : hitam,navy, abutua,abumuda",https://www.tokopedia.com/singkong-mentah/celana-pria-pendek-jumbo-fit-xxl-kolor-pria-jumbo-celana-olahraga-hijau-m-l?whid=4062691,cigodeg,Jakarta Timur,4.8,1 menit,1.2K,https://tokopedia.com/singkong-mentah
Celana Pria Erigo Chino Pants Zeno Katun Light Brown - 28,129000,4.9,2.,3.965,Celana Chino Pria,https://images.tokopedia.net/img/cache/500-square/VqbcmM/2021/4/22/40a26d3c-7914-4056-9457-f9dd42e77847.jpg.webp?ect=4g,"Chino Pants Erigo saat ini merupakan salah satu lini pakaian terbaik dan berkualitas tinggi di antara Local Brand Indonesia. Chino Pants are undoubtedly an essential style! Selain serba guna karena modis, celana ini juga merupakan must-have item bagi para pria. Erigo Chino Pants di design dengan warna indah dengan kain pilihan yang membuatmu nyaman sepanjang hari. Memiliki live-button, resleting, belt loop, dan 4 saku simpel pada bagian pinggul.Untuk Model Pria: Tinggi 185-186 cm, Berat 75 kg, Menggunakan Ukuran XLUntuk Model Wanita: Tinggi 168-170 cm, Berat 55 kg, Menggunakan Ukuran MBahan: KatunModel Produk: Stretch Skinny FitDetail Ukuran:28= Lebar Pinggang: 33,5 cm x Lebar Bawah: 14,5 cm x Panjang Celana: 98 cm30= Lebar Pinggang: 36 cm x Lebar Bawah: 15 cm x Panjang Celana: 99 cm32= Lebar Pinggang: 38 cm x Lebar Bawah: 15,5 cm x Panjang Celana: 100 cm34= Lebar Pinggang: 42 cm x Lebar Bawah: 16,5 cm x Panjang Celana: 102 cm36= Lebar Pinggang: 43 cm x Lebar Bawah: 17 cm x Panjang Celana: 104,5 cm38= Lebar Pinggang: 46 cm x Lebar Bawah: 18 cm x Panjang Celana: 105 cm40= Lebar Pinggang: 49 cm x Lebar Bawah: 18,5 cm x Panjang Celana: 106 cm*Diukur secara manual, toleransi ukuran ¬± 1-2 cm.",https://www.tokopedia.com/erigo/celana-pria-erigo-chino-pants-zeno-katun-light-brown-28?whid=1936612,Erigo Official,Kab. Tangerang,4.8,1 menit,177.4K,https://tokopedia.com/erigo
"CELANA CHINO CHINOS PANJANG PRIA PREMIUM RIP PINGGANG KARET KOLOR SLIM - Hitam, 27",60500,4.7,23,482,Celana Chino Pria,https://images.tokopedia.net/img/cache/500-square/VqbcmM/2021/7/21/1e66ad78-88d5-4938-8482-48343c81ceea.jpg.webp?ect=4g,"Celana chino chinos panjang premium pria rip pinggang karet kolor slimfitBahan kain chino stretch twil diamond(bisa melar)Size celana : 27-32 Pinggang Kolor melar ( ada tali ya jadi bisa diatur )ada dua saku dibagian depandua saku dibagian belakang model pendemnyaman banget digunakan untuk santai atau resmicocok dipakai kerja,jalan,kondangan.Size Chart :(27,28)= lingkar pinggang sebelum melar 68cm,setelah melar 90 cm (29,30)= lingkar pinggang sebelum melar 70cm,setelah melar 92 cm (31,32)= lingkar pinggang sebelum melar 72cm,setelah melar¬†94 cm(33-34)= lingkar pinggang sebelum melar 74cm,setelah melar 96 cm (35-36)= lingkar pinggang sebelum melar 76cm,setelah melar 98 cm (37-38)= lingkar pinggang sebelum melar 78cm,setelah melar¬†100 cm",https://www.tokopedia.com/dfathshop/celana-chino-chinos-panjang-pria-premium-rip-pinggang-karet-kolor-slim-hitam-27?whid=49843,dfathshop,Jakarta Timur,4.7,1 menit,736,https://tokopedia.com/dfathshop
"celana chino panjang / celana cino pria / celana chinos murah - Cream, 27/28",85000,4.8,10,"23,4rb",Celana Chino Pria,https://images.tokopedia.net/img/cache/500-square/VqbcmM/2021/3/31/a6f5216e-9eb4-4faa-b2cf-8094da8c7dc6.jpg.webp?ect=4g,"Welcome reseller & dropshipCelana Chino panjangWarna Ready :- Hitam- Abu-abu- Mocca- Cream- Hijau Army- NavyDidesain untuk memberikan kesan kaki lebih panjang dan memberikan kenyamanan karena memakai bahan cotton strecth yang lentur.Bahan : Cotton Strecth (Elastis) nyaman dipakaiZipper: VIP Auto Lock (Anti Melorot & macet)Panjang : 97 - 100 cmSize : 27-38 (Ukuran standard berdasarkan lingkar pinggang)Tabel Ukuran celana:Size = Lingkar pinggang27=+- (74 ) cm28 =+- (76) cm29 =+- (78 ) cm30 =+- (80 ) cm31 =+- (82) cm32 =+- (84) cm33 =+- (86) cm34 =+- (89) cm35 = +-(92) cm36 =+- (95) cm37 =+- (97) cm38 =+- (99) cmMelayani Retur barang jika kebesaran atau kekecilan dengan syarat dan ketentuan sebagai berikut :*Barang dan segel dalam kondisi utuh seperti pada saat diterima*Tidak ada kerusakan dan siap dijual kembali*Ongkos kirim ditanggung pihak pembeli, kecuali retur dan order kembali barang di toko kami, barang retur bisa disertakan dalam satu paket (1kg maksimal 3pcs celana)*Retur batal jika pembeli memberikan feedback negatif serta komentar tidak baik dan ulasan kurang dari 5 bintang karena kami tidak meminta fee untuk menyiapkan dan membungkus ulang barang retur, sebagai gantinya kami meminta feedback positif dan ulasan bintang 5*Pembeli setuju untuk menyelesaikan orderan terlebih dahulu dan memberikan feedback positif serta ulasan minimal 5 bintang pada toko kamiHappy shopping",https://www.tokopedia.com/saungfashiond2/celana-chino-panjang-celana-cino-pria-celana-chinos-murah-cream-27-28?whid=3282985,saungfashiond2m,Kab. Tangerang,4.8,4 menit,7.2K,https://tokopedia.com/saungfashiond2
"Celana Chino Hitam Panjang Pria Slim Fit Adem Twill Combed Original - Silver, 27",99000,4.8,60,1.150,Celana Chino Pria,https://images.tokopedia.net/img/cache/500-square/VqbcmM/2021/5/1/01532c6e-522d-444c-919c-c525ace1b16b.png.webp?ect=4g,"Celana Chino Panjang Pria Slim Fit Adem Twill Combed OriginalPROMO RESMI SUBSIDI TOKOPEDIA!HARGA NORMAL : Rp. 129000PENAWARAN SPECIAL : 99rbs/d 17 Agustus 2021GARANSI UANG KEMBALI 100% JIKA TIDAK SESUAI DESKRIPSI & GAMBAR.PRODUK LOKAL BERKUALITAS dengan HARGA TERJANGKAU!Lebih Hemat Pengeluaran, karena sekali beli Kualitas produk kami tetap terjaga bertahun tahun lamanya.Spesifikasi Produk kami :- Gambar produk 100% Real Pict- Bahan Cotton Twill Diamond Combed- bahan Tidak Luntur, Stech / Melar , Tahan Lama, Dan Nyaman Saat Digunakan- Model Fitting Slimfit- Merek Jayendra Original Made In Bandung (Bukan Merek Kw Abal- Abal)- Jahitan Full Chain Stitch / Rantai- Sletting YKK anti karatPILIHAN WARNA :- HITAM- CREAM- MOCCA- SILVER (BEST SELLER)""HARAP DI PERHATIKAN SIZE DETAIL CELANA AGAR TIDAK TERJADI KESALAHAN SIZE""Size yang digunakan Adalah Menggunakan NO/AngkaPanjang Celana x Lingkar Pinggang :UK 27 :96 x 74 cmUK 28 :96 x 76 cmUK 29 : 96 X 78 cmUK 30 : 96 x 80 cmUK 31 : 96 x 82 cmUK 32 : 96 x 84 cmUK 33 : 102 x 86 cmUK 34 : 102 x 88 cmUK 35 : 102 x 90 cmUK 36 : 102 x 92 cmUK 37 : 102 x 94 cmUK 38 : 102 x 96 cmNOTE :* Bila Terjadi Salah Ukuran Bisa Tukar Size ( ongkir ditanggung Buyer )* Open Reseller Dan DropshiperJangan beli barang murah tapi KW , Tiruan‚Ä¶ karena tidak ada jaminan kualitas.Dukung terus brand lokal Indonesia dengan ulasan Positif dan Bintang Lima , Jika tidak puas CHAT kami, masukan dan saran anda sangat kami tunggu.STOCK PRODUK TERBATAS KARENA PERPUTARAN PENJUALAN YANG SANGAT CEPAT DI ONLINE MAUPUN OFFLINE, MAKA DARI ITU JIKA KAMI BUKA STOCK ARTINYA READY DAN LANGSUNG BISA ANDA ORDER HARI INI JUGA, KALAU BESOK? KAMI GA JAMIN BAKAL TETAP READY YAA :)Celana Chino Panjang Pria Slim Fit Adem Twill Combed Original#celanachinopria #celanachino #celanacino #chinopanjang #celanacinos #celanachinos #celanachinotwillcombed #celanachinodistro #celanachinopanjangoriginal #celanadistroaslibandung",https://www.tokopedia.com/vibrapreneurstore/celana-chino-hitam-panjang-pria-slim-fit-adem-twill-combed-original-silver-27?whid=6615128,Vibrapreneur Store,Kota Bandung,4.8,1 menit,610,https://tokopedia.com/vibrapreneurstore
"CELANA JEANS PANJANG PRIA PREMIUM - Biru Tua, 27-28",68500,4.7,4.,7.858,Celana Jeans Pria,https://images.tokopedia.net/img/cache/500-square/VqbcmM/2020/7/31/3b34aa78-a9c9-4da8-a6ba-b92a10bb6db2.jpg.webp?ect=4g,CELANA JEANS PANJANG  PRIA PREMIUMmatt : JEANS STRECH SAKURA LONG JEANS Sedia size 27-38 28 LP 76 cm 29 LP 78 cm30 LP 80 cm31 LP 82 cm32 LP 84 cm33 LP 86 cm34 LP 88 cm35 LP 90 cm 36 LP 92 cm 37 LP 95 cm 38 LP 98 cm PJ 96/97 CMbarang yg kita jual produk terbaik ya gan..jadi jangan ragu belanja disini silakan diorder ....,https://www.tokopedia.com/lscollection2/celana-jeans-panjang-pria-premium-biru-tua-27-28?whid=8291994,Ls collection2,Jakarta Barat,4.7,13 menit,2K,https://tokopedia.com/lscollection2
"Celana santai pria pendek super jumbo big size - Hijau, m-l",18905,4.8,46,2.079,Celana Pendek Pria,https://images.tokopedia.net/img/cache/500-square/VqbcmM/2021/5/6/7820a810-5e34-4192-bc47-7fd9dc97b1b0.jpg.webp?ect=4g,"celana pendek pria‚àö Bahan Babyterry‚àö Terdapat 2 saku dibagian kiri dan kanan‚àö Pake tali pinggangall size fit to m-LLingkar pinggang 60-100cmLingkar paha : 55cmPanjang : 40cmUkuran all size fit to xl-XXLlingkar pinggang : 70 - 120cmPanjang : 51 cmallsize fit xxxl‚Ä¢ Panjang -/+ 60 cm‚Ä¢ Lingkar pinggang 150 cmwarna : hitam,navy, abutua,abumuda,putih,hijau",https://www.tokopedia.com/adzqiashop/celana-santai-pria-pendek-super-jumbo-big-size-hijau-m-l?whid=4139752,Adzqia shop,Jakarta Timur,4.7,3 menit,2.5K,https://tokopedia.com/adzqiashop
"FELIX Celana Panjang Joger Polos Pria Model Korea Okechuku - Hijau, S",79900,4.8,2.,1.230,Celana Jogger Pria,https://images.tokopedia.net/img/cache/500-square/VqbcmM/2021/4/10/3ad60b64-14a0-4d74-b2c9-c9c42cfb3e51.jpg.webp?ect=4g,"FELIX Celana Panjang Joger Polos Pria Model Korea OkechukuMaterial : Baby TerryPilihan warna : Hitam / Navy / Abu Tua / Abu Muda / Twotone Navy / Krem / Hijau / Putih (di lapisi furing di bagian belakang sehingga tdk tembus pandang)Detail : Bahan Babytery berkualitas dgn tekstur halus dan nyaman di gunakan. Cocok utk di pakai segala macam aktifitas, baik utk hangout, nongkrong bareng teman, maupun utk olah raga. Terdapat kantong di kiri dan kanan,juga 1 kantong di bagian belakang. Terdapat tali di bagian depan (warna dan ukuran tali dapat berubah dari foto, tergantung ketersediaan tali di pasaran). Ujung kaki berupa karet, bukan rib. Pola / pattern dibuat unisex sehingga bisa dipakai pria maupun wanita.SLingkar pinggang : 62cm fit to 72cmPanjang : 90cmLingkar paha : 54cmLingkar Pinggul : 102cmLingkar betis : 30cmM/L (M fit to L)Lingkar pinggang : 74cm fit to 84cmPanjang : 94cmLingkar paha : 64cmLingkar pinggul : 108mLingkar betis : 34cmXL/XXL (XL fit to XXL)Lingkar pinggang : 82cm fit to 92cmPanjang : 96cmLingkar paha :68cmLingkar pinggul : 112cmLingkar betis : 38cm(Toleransi ukuran +/- 1-2cm karena proses potong dan jahit)Pembeli harap memperhatikan dan mempertimbangkan detail ukuran di atas sebelum membeli.Jam kerja :Senin - Sabtu08.00 - 16.00 WIBFast respon pada jam kerja, pemesanan dan pertanyaan di luar jam kerja akan diproses keesokan harinya.BUDAYAKAN MEMBACA SEBELUM MEMBELI*) Pemilihan warna&ukuran hanya melalui kolom ETERANGAN"" saat order, bkn melalui CHAT & DISKUSI, Jika tdk ditulis maka akan dikirim scr acak*) Wajib mendokumentasikan saat membuka paket dalam bentuk video untuk berjaga-jaga jika ada barang yang tidak sesuai /rusak/cacat sebagai syarat retur di toko kamiMENERIMA PESANAN DALAM JUMLAH BANYAK (untuk seragam sekolah, kaos acara kantor/perusahaan). Kami juga menerima pesanan special order (desain custom / sesuai permintaan customer) dengan minimal order 100pcs.",https://www.tokopedia.com/okechuku/felix-celana-panjang-joger-polos-pria-model-korea-okechuku-hijau-s?whid=17377,Okechuku,Jakarta Barat,4.8,5 menit,56.5K,https://tokopedia.com/okechuku
"Celana Chino Panjang Big Size/Celana Chinos Pria Jumbo/Celana Cino 5XL - S, Abu-abu",101850,4.8,86,1.441,Celana Chino Pria,https://images.tokopedia.net/img/cache/500-square/VqbcmM/2020/9/25/0ef8ec5f-89f7-4d86-80f8-eff5a2afaea1.jpg.webp?ect=4g,"üîπCASHBACK Rp 10.000 -, setiap pembelian 2pcs celana chino ( ingatkan di catatan untuk pemberian cashback )üîπBarang di jamin realpict dengan tingkat kemiripan 97% üîπTAMPIL DENGAN MODIS DAN TRENDY TIDAK HARUS MEMBUTUHKAN BIAYA YANG MAHAL, CUKUP HANYA DENGAN MENGENAKAN PRODUK-BEST SELLER INI, DIJAMIN TAMPILANMU AKAN TERLIHAT KEREN DAN MENAWAN !!MILIKI SEKARANG JUGA SEBELUM PRODUK INI HABIS DI BELI ORANG LAIN, KARENA PRODUK INI SANGAT LARIS NAMUN ------ SETOK TERBATAS===================Bahan : cotton twill premiumsize : s - 5XLUkuran S/27-28 (inci) P: 96cm LP : 76-78cmUkuran M/29-30 (inci) P: 96cm LP : 80-82cmUkuran L/31-32 (inci) P: 104cm LP : 88cmUkuran XL/33-34 (inci) P: 106cm LP : 90cmUkuran XXL/35-36(inci) P: 106cm LP : 92cmUkuran XXXL/37-38(inci) P:106cm LP : 94cmUkuran XXXXL/39-40(inci) P: 106cm LP: 96-100cmUkuran XXXXXL/41-42(inci) P:106cm LP: 104-108cmJahitan Profesional Kuat & RapiDesain Stylish & FashionableFull Quality ControlSangat Nyaman DipakaiWarna tidak mudah pudar========================Jangan Lupa klik tombol FAVORIT / LOVE / FOLLOW ya, agar agan/sista tidak ketinggalan INFO update produk terbaruSetelah barang di terima mohon langsung konfirmasi penerimaan dan memberi ulasan dengan baik dan benar, Terima kasih atas perhatiannya.HAPPYSHOPING#celana#celanapria#celanapanjang#celanachino#celanachinos#celanacino#celanachinobigsize#celanachinojumbo#chino#chinos#cino",https://www.tokopedia.com/jekastoreid/celana-chino-panjang-big-size-celana-chinos-pria-jumbo-celana-cino-5xl-s-abu-abu?whid=7085807,jekastoreid,Kota Bandung,4.8,2 menit,1K,https://tokopedia.com/jekastoreid
CELANA PANJANG CHINO PRIA SMITH BERLIN EXTENDER ANKLE DARK GREY - 29,199000,4.8,23,348,Celana Chino Pria,https://images.tokopedia.net/img/cache/500-square/VqbcmM/2020/11/11/fa0ccbec-6349-47fa-9943-8d05ab99e90c.jpg.webp?ect=4g,X series merupakan celana premium dari Smith Berlin. Semua produk X series merupakan produk yang dapat secara otomatis membesarsesuai ukuran pinggang pemakainya (Extender/self-sizer pants) hingga 4 cm atau dengan kata lain 2 ukuran diatas celana yang biasa Anda gunakan.Jika selama ini celana Anda mudah kesempitan X series solusinya. Buktikan kehebatan X Series sekarang Keunggulan X Series  :1. Brand lokal pertama yang menciptakan celana model ini.2. Bagian pinggang bisa bertambah hingga 4 cm #extra4cm.3. Kain dan material yang nyaman dan sangat lembut.4. Fitting dan cutting yang pas di badan orang Indonesia.5. Celana premium dengan harga terjangkau.6. Walaupun menggunakan self-sizer technology celana X series pada bagian luarnya akan sama seperti celana normal lainnya sehingga tetap elegan.*PRODUK INI HANYA EKSLUSIF DI TOKOPEDIA*_____________________Detail ProdukTipe : X Series Celana Panjang Chinos AnkleBahan : 100% Katun dan STRETCHWarna : DARK GREYCutting: Ankle________________DetailModel Tinggi: 170 cmlingkar pinggang: 85 cmlingkar pinggul: 109 cmSize : 32Size Chart: Pinggang X Pinggul X Lebar Bukaan Kaki X Outseam29: 76 X 88 X 17 X 9130: 79 X 90 X 17 X 9231: 81 X 93 X 18 X 92.532: 84 X 95 X 18 X 9334: 89 X 100 X 19 X 94.536: 94 X 106 X 20 X 9538: 99 X 111 X 21 X 95.5___________________Perawatan:- Cuci secara terpisah- Tidak dianjurkan untuk dicuci menggunakan mesin cuci- Jangan dimasukan ke dalam mesin pengering                                                                                                                                                                                                                                                                                       - Setrika dengan suhu sedang- Sebaiknya simpan dalam keadaan terlipatSelamat Berbelanja Brothers. Be Smart Be Gentleman :),https://www.tokopedia.com/smithberlin/celana-panjang-chino-pria-smith-berlin-extender-ankle-dark-grey-29?whid=110066,Smith Berlin,Jakarta Selatan,4.8,19 menit,20.4K,https://tokopedia.com/smithberlin
"Ankle Chino / Celana Formal Pria Wanita / SIrwal Chino slimfit - XL, DARK GREY",155000,4.7,43,83,Celana Chino Pria,https://images.tokopedia.net/img/cache/500-square/VqbcmM/2021/3/22/bfce2c4c-c58d-4961-babe-7d4ebd78329f.jpg.webp?ect=4g,"dengan cutting slimfit kamu bisa mengkombinasikan pakaian dengan apapun yang kamu suka!jadi dengan paduan dari pakaian kami, kamu mampu untuk merubah penampilanmu dengan sangat indah.jangan ragu untuk chat kami jika kamu kesulitan untuk menemukan pakaian yang pas buat kamu.sizePanjang-Paha-Lutut-bawahS (28-30) : 91 - 58 - 42 - 32M (31-32) : 91 - 60 - 43 - 35L (33-35) : 92 - 62 - 45 - 36XL (36-37) : 92,5 - 64 - 46- 38XXL (38-39) : 92,5 - 67 - 48 - 49untuk size bisa japri dulu yah.oiya kita juga ada custom size dan juga auto size jd kl kamu bingung dengan ukuranmu sendiri bisa japri mimin dulu yah",https://www.tokopedia.com/baimolshop19/ankle-chino-celana-formal-pria-wanita-sirwal-chino-slimfit-xl-dark-grey?whid=3159648,Baim_Olshop19,Kab. Bekasi,4.7,6 menit,33,https://tokopedia.com/baimolshop19
"CELANA CHINO RIB PANJANG PRIA KUALITAS PREMIUM - Hitam, 28",69800,4.7,1.,2.402,Celana Chino Pria,https://images.tokopedia.net/img/cache/500-square/product-1/2020/7/18/17230207/17230207_94471285-9b4f-491f-a07a-fc4ab6bea669_1892_1892.webp?ect=4g,"DETAIL UKURAN :LINKAR PINGGANG SETELAH MELAR:S = No. 27 - 28 M = No. 29 - 30 L  = No. 31-32 XL = No. 33- 34 XXL= No. 35-36 XXXL = No. 37-3827/28 Kurang lebih setelah melar 80cm-90cm = 45-50kg29/30 Kurang lebih setelah melar 82cm-92cm = 50-60kg31/32  Kurang lebih setelah melar 84cm-94cm = 60-7033/34 Kurang lebih setelah melar 88cm-98cm = 70-8035/36 Kurang lebih setelah melar 90cm-100cm = 80-9037/38 Kurang lebih setelah melar 92cm-102cm = 90-95PANJANG 95CM********** HARAP DI BACA *********** untuk warna Moca, Abu, dan Cream akan ada sedikit selisih warna antara sedikit  muda ataupn sdikit tua(Random)‚úîÔ∏èBarang Ready Size 27-38 yabila ada kesusahan order pilih warna dan size bisa di tambahan catatan.Kesesuaian warna 90%Bahan: Katun STRETTModel: SlimfitWarna: Cream , Hitam , Abu-abu , MoccaRESELLER VERY WELCOME !",https://www.tokopedia.com/ls197store/celana-chino-rib-panjang-pria-kualitas-premium-hitam-28?whid=6350860,L.s store,Jakarta Barat,4.6,52 menit,369,https://tokopedia.com/ls197store
"CELANA PENDEK PRIA CELANA CARGO PENDEK PRIA DISTRO CELANA PENDEK COWOK - Cream, 27",60000,4.6,20,465,Celana Pendek Pria,https://images.tokopedia.net/img/cache/500-square/VqbcmM/2021/4/11/02c16a6f-4f07-4f44-ad4a-20030ce2810e.jpg.webp?ect=4g,"CELANA PENDEK PRIA CELANA CARGO PENDEK PRIA DISTRO CELANA PENDEK COWOK SIZE 27-32 BOMBERCelana Pendek Cargo Pria Bomber x Thrasher adalah celana cargo pendek yang sangat nyaman digunakan untuk santai, kegiatan sehari-hari ataupun kegiatan outdor, diproduksi dengan menggunakan material terbaik dengan jahitan yang sangat rapi dan kuat, serta desain celana yang mengikuti trend pasar saat iniWarning !!!---------------------Jangan terkecoh dengan harga lebih murah, Produk Lain pada umumnya menggunakan Bahan Drill Polyester yang menyimpan panas saat digunakan, sedangkan kami menggunakan Bahan Twill PE, yang sudah jelas jauh lebih Halus dan Nyaman saat digunakanKeunggulan Produk kami :------------------------------‚úîÔ∏è Nyaman dipakai untuk santai, Kegiatan sehari-hari bahkan kegiatan outdor‚úîÔ∏è Dilengkapi Side Pocket di bagian kiri & Kanan‚úîÔ∏è Material kain Twill PE non stretch (kain terbaik untuk celana cargo)‚úîÔ∏è Menggunakan Zipper/ Resleting kualitas terbaik‚úîÔ∏è Desain sangat terlihat casual & cool‚úîÔ∏è Warna tidak luntur saat dicuci‚úîÔ∏è Menggunakan bahan bagus, tidak mudah kusut‚úîÔ∏è Banyak variasi pada Produk‚úîÔ∏è Telah melalui tahap QC yang ketat‚úîÔ∏è Bahan Halus, Kuat, dan tidak mudah belel dan berbulu‚úîÔ∏è Jahitan Full Chain Stitch / Rantai ‚úîÔ∏è Sangat Cocok untuk santai & travellingAcuan Untuk menentukan Ukuran :--------------------------------Size 27 Lingkar Pinggang 74cmSize 28 Lingkar Pinggang 76cmSize 29 Lingkar Pinggang 79cmSize 30 Lingkar Pinggang 81cmSize 31 Lingkar Pinggang 84cmSize 32 Lingkar Pinggang 86cmPanjang Celana Ukuran 27-32 = 54cmWarna yang Tersedia--------------------------------‚úîÔ∏è Cream‚úîÔ∏è Mocca‚úîÔ∏è Grey‚úîÔ∏è BlackNote :Perbedaan warna bisa saja terjadi karena kualitas monitor/ layar yang digunakan saat melihat produk berbeda-beda, mohon untuk dikonfirmasi terlebih dahulu jika produk yang diterima tidak sesuai deskripsi#celanacargo #cargopendek #celanapendek #celanapria #shortpant",https://www.tokopedia.com/bomberstoreid/celana-pendek-pria-celana-cargo-pendek-pria-distro-celana-pendek-cowok-cream-27-6cd9?whid=10563266,bomberstoreid,Kab. Tangerang,4.6,22 menit,95,https://tokopedia.com/bomberstoreid
"CELANA CHINO UNIQLO - Celana Chino - Celana Panjang Pria - Black, 28",100000,4.7,58,1.116,Celana Chino Pria,https://images.tokopedia.net/img/cache/500-square/VqbcmM/2021/2/8/5eb59fdc-abcf-4fd8-91fd-1f5a8215eebb.jpg.webp?ect=4g,"BEST PRODUCT Harga Normal RÃ∂pÃ∂ Ã∂1Ã∂4Ã∂0Ã∂.Ã∂0Ã∂0Ã∂0Ã∂Bahan : Twill Suede Premium ( No Strech / tidak Melar) Model : Slimfit, Jahitan Rantai Rapih dan Nyaman di pakai*Full Hanging Tag dan label*Warna yg tersedia- Black (yg kosong size 32,34)- Cream- Mocca - Grey/abu *Size genap ( 28 - 34 )Chart Size : 27 fit 28(S) : LP 70 - 72cm, P 100cm29 fit 30(M) : LP 75 - 77cm, P 102cm31 fit 32(L) : LP 80 - 82cm, P 102cm33 fit 34 (XL) : LP85 - 87cm, P 102cmLP: Lingkar PinggangP : PanjangGunakanlah celana chino dan sepatu sneakers untuk hang out bersama teman-teman anda, apabila ingin terlihat lebih formal, anda bisa menggunakan celana chino dengan koleksi sepatu boots andaKami sarankan untuk memiliki beberapa warna basic dari celana chino ini di lemari anda karena kami yakin suatu saat nanti pasti celana ini akan diperlukanPhoto real pict 100%Stok selama di katalog ada berarti ready,jika sudah order dan stok nya kebetulan kosong pasti di info in ya sob..Tersedia jugaChino Dickies ‚Ü™https://tokopedia.link/za5nBXCtM7Chino Original (bahan melar)‚Ü™https://tokopedia.link/izEGEYIaC8^^ Cek koleksi produk kami yg lainya ya..happy shoping",https://www.tokopedia.com/usfaofficial/celana-chino-uniqlo-celana-chino-celana-panjang-pria-black-28?whid=244591,USFA-STORE,Kab. Bandung,4.6,13 menit,1.1K,https://tokopedia.com/usfaofficial
CELANA PANJANG CHINO PRIA SMITH BERLIN EXTENDER ANKLE BLACK - 29,199000,4.8,29,450,Celana Chino Pria,https://images.tokopedia.net/img/cache/500-square/VqbcmM/2020/11/11/787fef67-71af-418c-ae3f-7f284aa96a4e.jpg.webp?ect=4g,X series merupakan celana premium dari Smith Berlin. Semua produk X series merupakan produk yang dapat secara otomatis membesarsesuai ukuran pinggang pemakainya (Extender/self-sizer pants) hingga 4 cm atau dengan kata lain 2 ukuran diatas celana yang biasa Anda gunakan.Jika selama ini celana Anda mudah kesempitan X series solusinya. Buktikan kehebatan X Series sekarang Keunggulan X Series  :1. Brand lokal pertama yang menciptakan celana model ini.2. Bagian pinggang bisa bertambah hingga 4 cm #extra4cm.3. Kain dan material yang nyaman dan sangat lembut.4. Fitting dan cutting yang pas di badan orang Indonesia.5. Celana premium dengan harga terjangkau.6. Walaupun menggunakan self-sizer technology celana X series pada bagian luarnya akan sama seperti celana normal lainnya sehingga tetap elegan.*PRODUK INI HANYA EKSLUSIF DI TOKOPEDIA*Detail ProdukTipe : X Series Celana Panjang Chinos AnkleBahan : 100% Katun dan STRETCHWarna : BLACKCutting: Ankle________________DetailModel Tinggi: 170 cmlingkar pinggang: 85 cmlingkar pinggul: 109 cmSize : 32Size Chart: Pinggang X Pinggul X Lebar Bukaan Kaki X Outseam29: 76 X 88 X 17 X 9130: 79 X 90 X 17 X 9231: 81 X 93 X 18 X 92.532: 84 X 95 X 18 X 9334: 89 X 100 X 19 X 94.536: 94 X 106 X 20 X 9538: 99 X 111 X 21 X 95.5___________________Perawatan:                                                                                                                                                                                                                                                                                                                                                          - Cuci secara terpisah- Tidak dianjurkan untuk dicuci menggunakan mesin cuci- Jangan dimasukan ke dalam mesin pengering- Setrika dengan suhu sedang- Sebaiknya simpan dalam keadaan terlipatSelamat Berbelanja Brothers. Be Smart Be Gentleman :),https://www.tokopedia.com/smithberlin/celana-panjang-chino-pria-smith-berlin-extender-ankle-black-29?whid=110066,Smith Berlin,Jakarta Selatan,4.8,19 menit,20.4K,https://tokopedia.com/smithberlin
"Okechuku JAY Celana Chino Panjang Pria Celana Chino Pria Celana Pria - Hitam, Size 28",99900,4.8,1.,3.033,Celana Chino Pria,https://images.tokopedia.net/img/cache/500-square/VqbcmM/2020/11/18/2453adfc-bdb9-482b-bccf-ff62f16397db.jpg.webp?ect=4g,"Okechuku JAY Celana Chino Panjang Pria Celana Chino Pria Celana PriaCelana chino pria model terbaru dari Okechuku, kualitas premium, terbuat dari bahan twill katun stretch. Sifat bahan halus, nyaman di kulit, dan tidak panas. Model simple, basic, dan elegan dengan kantong depan di bagian kiri, kanan dan belakang. Cocok untuk di pakai dalam acara formal maupun casual. Bisa dipakai menggunakan ikat pinggang.Zipper: Auto Lock (Anti Melorot & macet)Pilihan ukuran :1. size 28 :Lingkar Pinggang : 71cmPanjang celana : 96cmLingkar paha : 56cmLingkar betis : 30cm2. size 30 :Lingkar Pinggang : 73cmPanjang celana : 96cmLingkar paha : 58cmLingkar betis : 32cm3. size 32 :Lingkar Pinggang : 82cmPanjang celana : 96cmLingkar paha : 60cmLingkar betis : 36cm4. size 34 :Lingkar Pinggang : 88cmPanjang celana : 96cmLingkar paha : 62cmLingkar betis : 38cm5. size 36 :Lingkar Pinggang : 90cmPanjang celana : 96cmLingkar paha : 64cmLingkar betis : 40cm6. size 38 :Lingkar Pinggang : 94cmPanjang celana : 96cmLingkar paha : 66cmLingkar betis : 42cmPilihan warna :1. Hitam2. Coklat3. Abu4. Navy5. Kopi6. Beige7. Milo8. KremFoto produk 100 persen adalah foto asli yang di foto di studio foto, namun demikian ada kemungkinan perbedaan warna sedikit di karenakan efek resolusi layar dan pencahayaan.Pembeli harap memperhatikan dan mempertimbangkan detail ukuran di atas sebelum membeli.Jam kerja :Senin - Sabtu08.00 - 16.00 WIBFast respon pada jam kerja, pemesanan dan pertanyaan di luar jam kerja akan diproses keesokan harinya.BUDAYAKAN MEMBACA SEBELUM MEMBELI*) Pemilihan warna&ukuran hanya melalui kolom ""KETERANGAN"" saat order, bukan melalui CHAT & DISKUSI, Jika tidak di tulis maka akan di kirim secara acak.*) Juga Harap TULIS warna CADANGAN, jika warna utama tidak tersedia.*) Wajib mendokumentasikan saat membuka paket dalam bentuk video untuk berjaga-jaga jika ada barang yang tidak sesuai /rusak/cacat sebagai syarat retur di toko kami.",https://www.tokopedia.com/okechuku/okechuku-jay-celana-chino-panjang-pria-celana-chino-pria-celana-pria-hitam-size-28?whid=17377,Okechuku,Jakarta Barat,4.8,5 menit,56.5K,https://tokopedia.com/okechuku
"celana panjang kerja slim fit pria premium - 28, Hitam",110400,4.8,35,616,Celana Bahan Pria,https://images.tokopedia.net/img/cache/500-square/VqbcmM/2020/11/6/9768d9c5-a6b3-4e06-9f14-5935b2857f91.jpg.webp?ect=4g,"celana kantor/formal merk burloiswarning !!sebelum melakukan transaksi, harap dilihat dulu ya kak untuk catatan lingkar pinggang nya agar menghindari kesalahan saat pemesanan dan kami sarankan untuk memilih satu nomor diatas ukuran celana yang biasanya kakak pakai.kami menjual celana bahan dengan kualitas premium ya kak.karena kami produksi dan ini adalah brand kami sendiri, jadi bisa dipastikan bahwa jahitan terbaik lah yang kami berikan kepada kakak.bahan kain semi woll / semi jass jadi tidak stretch ya kak.ukuran 28 - 38no LP P28 79 10029 81 10030 84 10031 86 10032 88 10033 91 10034 94 10035 97 10036 99 10037 102 10238 104 10239 106 10540 108 10541 110 10542 112 10543 114 10544 116  105terima kasih. salam shopping.#celanabahan #celanakantor #celanaformal #celanapria",https://www.tokopedia.com/squadajoee/celana-panjang-kerja-slim-fit-pria-premium-28-hitam?whid=219871,squadd.ajoee,Jakarta Barat,4.6,13 menit,464,https://tokopedia.com/squadajoee
"Celana Kerja Formal Kantor Bahan Pria SLIMFIT Hitam Panjang - Hitam, 27 atau 28",85000,4.9,2.,4.140,Celana Bahan Pria,https://images.tokopedia.net/img/cache/500-square/VqbcmM/2021/4/21/cfc2d1d9-3e3b-4d7f-bde9-88af2543ee56.jpg.webp?ect=4g,"üì∏ Real Foto Asli 100%üëñ Size 27/28 dan 37/38 bisa memberikan catatan ke kami atau chat sebelum memesanWARNA:üí† HITAMüí† ABU TUAüí† ABU MUDAüí† NAVY (BIRU DONGKER / BIRU GELAP)‚ö†Ô∏è JAMINAN UANG KEMBALI 100%‚ö†Ô∏èBarang Rusak? Cacat ukuran?Tenang kami akan GANTI dengan yang baru.  **DENGAN CATATAN BELUM MEMBERIKAN RATING**Mohon DIBACA üëÜüöõ Seluruh biaya ongkir kami akan tanggung 100%üëå Boleh Tukar ukuran selama*Bungkus & Merk Label lengkap*Ketersediaan barang *Ongkir ditanggung pembeli 100%üëñ Bahan:- Wool, bukan bahan licin tapi dipakai tetap nyaman dan adem. üå¨‚ùÑ- Resleting YKK üß¨- Kantong sudah di PAPING jadi tidak mudah jebol üî®- Bahan STRETCH, agak lentur. üóûüöõPENGIRIMANüööPEMESANAN MAXIMAL- SENIN - JUMAT 19:00 üïñ*Tiki dan Anteraja (Free ongkir) 16:00 üïì-SABTU - MINGGU 16:00 üïì(Lebih dari itu keesokan harinya)KHUSUS SAMEDAY (GOJEK/GRAB), maksimal jam 14:00 üïë(Lebih dari itu keesokan harinya)SIZE CHART üìè(LINGKAR PINGGANG) UK. 27 = 74cmUK. 28 = 76cmUK. 29 = 78cmUK. 30 = 80cmUK. 31 = 82cmUK. 32 = 84cmUK. 33 = 86cmUK. 34 = 88cmUK. 35 = 90cmUK. 36 = 92 - 94cmUK. 37 = 94 - 96cmUK. 38 = 96 - 100cmPanjang Celana 98-100cmApabila celana yang anda terima memuaskan üôèüôèüôèDengan segala kerendahan hati kami mohon berikan kami Bintang 5 ‚≠ê‚≠ê‚≠ê‚≠ê‚≠êKarena rating yang anda berikan sangat berarti bagi kami üôèSalam HangatKirana#celana #celanaformal #celanaformalpria #celanaformalkerja #celanaslimfit #celanaslimfitpria #celanakantorpria #celanakantorpria #celanaslimfit #celanabahan #celanabahanpria #celanadasarpria #celanadasarpria",https://www.tokopedia.com/laksakirana/celana-kerja-formal-kantor-bahan-pria-slimfit-hitam-panjang-hitam-27-atau-28?whid=1998854,Laksa Kirana,Jakarta Barat,4.9,2 menit,373,https://tokopedia.com/laksakirana
"celana levis pria / celana jeans / celana lois / celana panjang pria - biru gelap, 28",144530,4.7,16,329,Celana Jeans Pria,https://images.tokopedia.net/img/cache/500-square/VqbcmM/2021/4/5/82d51a7b-d88e-4d78-bb6b-ebf9f39cc275.jpg.webp?ect=4g,".Produk kami dibuat oleh produsen profesional dari bahan berkualitas tinggi,.di desain dengan desain yang modern dan dirancang profesional.konsumen bisa merasakan kenyamanan berpakaian karena kenyamanan pemakai menjadi salah satu perhatian produsen produk kami. Produkyang kami tawarkan sangatlah bagus dengan harga kaki 5 tapi kualitas bintang 5..detail size (lingkar pinggang) :27.28.29.30.31.32.33.34.bagus buat semua kalangan pria.Garansi seller jika barang tercecer atau rijek uang kami kembalikan dan juga bisa ditukar dengan barang baru.Kepuasan konsumen adalah visi dan misi kami.foto 100% asli sesauai dengan gambar bos ku,,silahkan diorder ya bos",https://www.tokopedia.com/megastore46/celana-levis-pria-celana-jeans-celana-lois-celana-panjang-pria-biru-gelap-28?whid=7973108,Mega Store 46,Jakarta Pusat,4.7,1 menit,397,https://tokopedia.com/megastore46
